{"cameraMode":{"drawMode":0,"name":"Shaded","section":"Shading Mode"},"sceneLighting":false,"audioPlay":false,"sceneViewState":{"m_AlwaysRefresh":false,"showFog":true,"showSkybox":false,"showFlares":true,"showImageEffects":true,"showParticleSystems":true,"showVisualEffectGraphs":true,"m_FxEnabled":true},"in2DMode":false,"pivot":{"x":-1.4861236810684205,"y":0.40433254837989809,"z":-10.337831497192383},"rotation":{"x":-0.04062113165855408,"y":0.959075927734375,"z":-0.22239311039447785,"w":-0.17158949375152589},"size":3.1721444129943849,"orthographic":false}