{"cameraMode":{"drawMode":0,"name":"Shaded","section":"Shading Mode"},"sceneLighting":false,"audioPlay":false,"sceneViewState":{"m_AlwaysRefresh":false,"showFog":true,"showSkybox":false,"showFlares":true,"showImageEffects":true,"showParticleSystems":true,"showVisualEffectGraphs":true,"m_FxEnabled":true},"in2DMode":false,"pivot":{"x":9.173672676086426,"y":13.406902313232422,"z":14.430309295654297},"rotation":{"x":-0.03545084968209267,"y":0.9636414647102356,"z":-0.15434250235557557,"w":-0.21608960628509522},"size":3.1721444129943849,"orthographic":false}