{"cameraMode":{"drawMode":0,"name":"Shaded","section":"Shading Mode"},"sceneLighting":false,"audioPlay":false,"sceneViewState":{"m_AlwaysRefresh":false,"showFog":true,"showSkybox":false,"showFlares":true,"showImageEffects":true,"showParticleSystems":true,"showVisualEffectGraphs":true,"m_FxEnabled":true},"in2DMode":false,"pivot":{"x":0.10319051891565323,"y":-5.143003463745117,"z":-565.4544067382813},"rotation":{"x":-0.000007648091013834346,"y":0.9621625542640686,"z":-0.27251192927360537,"w":0.000002238192337244982},"size":7.769556999206543,"orthographic":false}