{"cameraMode":{"drawMode":0,"name":"Shaded","section":"Shading Mode"},"sceneLighting":false,"audioPlay":false,"sceneViewState":{"m_AlwaysRefresh":false,"showFog":true,"showSkybox":false,"showFlares":true,"showImageEffects":true,"showParticleSystems":true,"showVisualEffectGraphs":true,"m_FxEnabled":true},"in2DMode":false,"pivot":{"x":0.811223030090332,"y":0.5890970230102539,"z":-0.22699105739593507},"rotation":{"x":0.04125132039189339,"y":-0.9314848780632019,"z":0.11258450895547867,"w":0.34345492720603945},"size":0.9211050271987915,"orthographic":false}