{"cameraMode":{"drawMode":0,"name":"Shaded","section":"Shading Mode"},"sceneLighting":false,"audioPlay":false,"sceneViewState":{"m_AlwaysRefresh":false,"showFog":true,"showSkybox":false,"showFlares":true,"showImageEffects":true,"showParticleSystems":true,"showVisualEffectGraphs":true,"m_FxEnabled":true},"in2DMode":false,"pivot":{"x":-0.9059854745864868,"y":0.41445669531822207,"z":1.3844503164291382},"rotation":{"x":0.01832566224038601,"y":-0.34151923656463625,"z":0.00666121207177639,"w":0.9396743774414063},"size":3.156999349594116,"orthographic":false}