{"cameraMode":{"drawMode":0,"name":"Shaded","section":"Shading Mode"},"sceneLighting":true,"audioPlay":false,"sceneViewState":{"m_AlwaysRefresh":false,"showFog":true,"showSkybox":true,"showFlares":true,"showImageEffects":true,"showParticleSystems":true,"showVisualEffectGraphs":true,"m_FxEnabled":true},"in2DMode":false,"pivot":{"x":47.447166442871097,"y":22.926204681396486,"z":810.5796508789063},"rotation":{"x":-0.16472694277763368,"y":0.5006232261657715,"z":-0.09718316048383713,"w":-0.8445531129837036},"size":3.3854966163635256,"orthographic":false}