{"cameraMode":{"drawMode":0,"name":"Shaded","section":"Shading Mode"},"sceneLighting":false,"audioPlay":false,"sceneViewState":{"m_AlwaysRefresh":false,"showFog":true,"showSkybox":false,"showFlares":true,"showImageEffects":true,"showParticleSystems":true,"showVisualEffectGraphs":true,"m_FxEnabled":true},"in2DMode":false,"pivot":{"x":107.41322326660156,"y":106.17439270019531,"z":169.04254150390626},"rotation":{"x":0.001542668673209846,"y":-0.9990511536598206,"z":0.04647674411535263,"w":0.009767791256308556},"size":0.8660253882408142,"orthographic":false}