{"cameraMode":{"drawMode":0,"name":"Shaded","section":"Shading Mode"},"sceneLighting":false,"audioPlay":false,"sceneViewState":{"m_AlwaysRefresh":false,"showFog":true,"showSkybox":false,"showFlares":true,"showImageEffects":true,"showParticleSystems":true,"showVisualEffectGraphs":true,"m_FxEnabled":true},"in2DMode":false,"pivot":{"x":105.68082427978516,"y":103.53228759765625,"z":149.02133178710938},"rotation":{"x":-0.012446710839867592,"y":-0.9866282343864441,"z":0.11459299176931381,"w":-0.1167672649025917},"size":0.8660253882408142,"orthographic":false}