{"cameraMode":{"drawMode":0,"name":"Shaded","section":"Shading Mode"},"sceneLighting":false,"audioPlay":false,"sceneViewState":{"m_AlwaysRefresh":false,"showFog":true,"showSkybox":false,"showFlares":true,"showImageEffects":true,"showParticleSystems":true,"showVisualEffectGraphs":true,"m_FxEnabled":true},"in2DMode":false,"pivot":{"x":105.43330383300781,"y":106.2507553100586,"z":136.48638916015626},"rotation":{"x":0.0013649840839207173,"y":-0.9989635944366455,"z":0.00593918189406395,"w":0.04880443587899208},"size":15.54033088684082,"orthographic":false}