{"cameraMode":{"drawMode":0,"name":"Shaded","section":"Shading Mode"},"sceneLighting":false,"audioPlay":false,"sceneViewState":{"m_AlwaysRefresh":false,"showFog":true,"showSkybox":false,"showFlares":true,"showImageEffects":true,"showParticleSystems":true,"showVisualEffectGraphs":true,"m_FxEnabled":true},"in2DMode":false,"pivot":{"x":0.2509005665779114,"y":1.0875462293624879,"z":-0.16101862490177155},"rotation":{"x":0.07021019607782364,"y":-0.2172774374485016,"z":0.01567140966653824,"w":0.9734572768211365},"size":2.834836006164551,"orthographic":false}