{"cameraMode":{"drawMode":0,"name":"Shaded","section":"Shading Mode"},"sceneLighting":false,"audioPlay":false,"sceneViewState":{"m_AlwaysRefresh":false,"showFog":true,"showSkybox":false,"showFlares":true,"showImageEffects":true,"showParticleSystems":true,"showVisualEffectGraphs":true,"m_FxEnabled":true},"in2DMode":false,"pivot":{"x":0.12290537357330322,"y":1.7074869871139527,"z":-1.4617030620574952},"rotation":{"x":0.07721523940563202,"y":0.45684704184532168,"z":-0.03984630107879639,"w":0.8852917551994324},"size":2.834836006164551,"orthographic":false}