{"cameraMode":{"drawMode":0,"name":"Shaded","section":"Shading Mode"},"sceneLighting":false,"audioPlay":false,"sceneViewState":{"m_AlwaysRefresh":false,"showFog":true,"showSkybox":false,"showFlares":true,"showImageEffects":true,"showParticleSystems":true,"showVisualEffectGraphs":true,"m_FxEnabled":true},"in2DMode":false,"pivot":{"x":0.5661996006965637,"y":1.4681590795516968,"z":0.2093183696269989},"rotation":{"x":0.14234553277492524,"y":0.5197603702545166,"z":-0.08831562846899033,"w":0.8377335667610169},"size":3.288236618041992,"orthographic":false}