{"cameraMode":{"drawMode":0,"name":"Shaded","section":"Shading Mode"},"sceneLighting":false,"audioPlay":false,"sceneViewState":{"m_AlwaysRefresh":false,"showFog":true,"showSkybox":false,"showFlares":true,"showImageEffects":true,"showParticleSystems":true,"showVisualEffectGraphs":true,"m_FxEnabled":true},"in2DMode":false,"pivot":{"x":-3.6406521797180177,"y":2.810455799102783,"z":-2.884495258331299},"rotation":{"x":0.10678720474243164,"y":0.5744127035140991,"z":-0.07591353356838227,"w":0.8080136775970459},"size":0.49209946393966677,"orthographic":false}