{"cameraMode":{"drawMode":0,"name":"Shaded","section":"Shading Mode"},"sceneLighting":false,"audioPlay":false,"sceneViewState":{"m_AlwaysRefresh":false,"showFog":true,"showSkybox":false,"showFlares":true,"showImageEffects":true,"showParticleSystems":true,"showVisualEffectGraphs":true,"m_FxEnabled":true},"in2DMode":false,"pivot":{"x":-0.01368093490600586,"y":-0.15733885765075684,"z":-0.5450465679168701},"rotation":{"x":0.2510235607624054,"y":0.5336230397224426,"z":-0.16964681446552277,"w":0.7895970940589905},"size":3.288236618041992,"orthographic":false}