{"cameraMode":{"drawMode":2,"name":"Shaded Wireframe","section":"Shading Mode"},"sceneLighting":false,"audioPlay":false,"sceneViewState":{"m_AlwaysRefresh":false,"showFog":true,"showSkybox":false,"showFlares":true,"showImageEffects":true,"showParticleSystems":true,"showVisualEffectGraphs":true,"m_FxEnabled":true},"in2DMode":false,"pivot":{"x":0.010871468111872673,"y":1.4420093297958375,"z":0.8699617981910706},"rotation":{"x":-0.05913396552205086,"y":0.9281370639801025,"z":-0.18455958366394044,"w":-0.31782177090644839},"size":2.990281343460083,"orthographic":false}