{"cameraMode":{"drawMode":2,"name":"Shaded Wireframe","section":"Shading Mode"},"sceneLighting":false,"audioPlay":false,"sceneViewState":{"m_AlwaysRefresh":false,"showFog":true,"showSkybox":false,"showFlares":true,"showImageEffects":true,"showParticleSystems":true,"showVisualEffectGraphs":true,"m_FxEnabled":true},"in2DMode":false,"pivot":{"x":0.8593741059303284,"y":1.825852394104004,"z":1.7302300930023194},"rotation":{"x":-0.0019417665898799897,"y":0.9979773163795471,"z":-0.050940804183483127,"w":-0.03804326429963112},"size":2.4021594524383547,"orthographic":false}